ds,trend,yhat_lower,yhat_upper,trend_lower,trend_upper,additive_terms,additive_terms_lower,additive_terms_upper,weekly,weekly_lower,weekly_upper,yearly,yearly_lower,yearly_upper,multiplicative_terms,multiplicative_terms_lower,multiplicative_terms_upper,yhat
2019-01-07,163891.847781,67713.5539428051,204740.12338545683,163891.847781,163891.847781,-28929.7509062048,-28929.7509062048,-28929.7509062048,-1325.4954434895164,-1325.4954434895164,-1325.4954434895164,-27604.255462715286,-27604.255462715286,-27604.255462715286,0.0,0.0,0.0,134962.09687479518
2019-01-14,163822.6827355794,86027.18051320782,214328.68423028928,163822.6827355794,163822.6827355794,-10408.437858678748,-10408.437858678748,-10408.437858678748,-1325.4954434895164,-1325.4954434895164,-1325.4954434895164,-9082.94241518923,-9082.94241518923,-9082.94241518923,0.0,0.0,0.0,153414.24487690066
2019-01-21,163753.51769015883,127674.92179250237,255501.9662153463,163753.51769015883,163753.51769015883,29315.49804519456,29315.49804519456,29315.49804519456,-1325.4954434895164,-1325.4954434895164,-1325.4954434895164,30640.993488684075,30640.993488684075,30640.993488684075,0.0,0.0,0.0,193069.0157353534
2019-01-28,163684.35264473825,167217.99794815233,302101.05031695176,163684.35264473825,163684.35264473825,70440.76621233407,70440.76621233407,70440.76621233407,-1325.4954434895164,-1325.4954434895164,-1325.4954434895164,71766.26165582359,71766.26165582359,71766.26165582359,0.0,0.0,0.0,234125.11885707232
2019-02-04,163615.1875993177,185311.475842651,319690.39468249097,163615.1875993177,163615.1875993177,89603.97123725885,89603.97123725885,89603.97123725885,-1325.4954434895164,-1325.4954434895164,-1325.4954434895164,90929.46668074837,90929.46668074837,90929.46668074837,0.0,0.0,0.0,253219.15883657656
2019-02-11,163546.02255389708,169391.843492825,307357.6603461924,163546.02255389708,163546.02255389708,77729.63715997653,77729.63715997653,77729.63715997653,-1325.4954434895167,-1325.4954434895167,-1325.4954434895167,79055.13260346605,79055.13260346605,79055.13260346605,0.0,0.0,0.0,241275.6597138736
2019-02-18,163476.8575084765,145306.4280898569,274647.5734417272,163476.8575084765,163476.8575084765,46614.087621536324,46614.087621536324,46614.087621536324,-1325.4954434895164,-1325.4954434895164,-1325.4954434895164,47939.583065025836,47939.583065025836,47939.583065025836,0.0,0.0,0.0,210090.9451300128
2019-02-25,163407.69247554976,112159.73764897569,248745.68131093206,163407.69247554976,163407.69247554976,18022.070672894555,18022.070672894555,18022.070672894555,-1325.4954434895164,-1325.4954434895164,-1325.4954434895164,19347.56611638407,19347.56611638407,19347.56611638407,0.0,0.0,0.0,181429.76314844433
2019-03-04,163338.527442623,100037.44259401417,236964.77869968544,163338.527442623,163338.527442623,5620.995854722264,5620.995854722264,5620.995854722264,-1325.4954434895164,-1325.4954434895164,-1325.4954434895164,6946.491298211779,6946.491298211779,6946.491298211779,0.0,0.0,0.0,168959.52329734527
2019-03-11,163269.36240969622,101772.63837423778,236048.02657654276,163269.36240969622,163269.36240969622,6375.235620238585,6375.235620238585,6375.235620238585,-1325.4954434895164,-1325.4954434895164,-1325.4954434895164,7700.731063728102,7700.731063728102,7700.731063728102,0.0,0.0,0.0,169644.5980299348
2019-03-18,163200.19737676944,101869.6359627461,244497.95556727334,163200.19737676944,163200.19737676944,7740.20484400049,7740.20484400049,7740.20484400049,-1325.4954434895164,-1325.4954434895164,-1325.4954434895164,9065.700287490006,9065.700287490006,9065.700287490006,0.0,0.0,0.0,170940.40222076993
2019-03-25,163131.03234384267,96701.16731808393,233488.85828696308,163131.03234384267,163131.03234384267,1342.7735368846702,1342.7735368846702,1342.7735368846702,-1325.4954434895164,-1325.4954434895164,-1325.4954434895164,2668.268980374187,2668.268980374187,2668.268980374187,0.0,0.0,0.0,164473.80588072733
2019-04-01,163061.86731091593,80518.45990285731,226346.7371844146,163061.86731091593,163061.86731091593,-10901.667230229348,-10901.667230229348,-10901.667230229348,-1325.4954434895164,-1325.4954434895164,-1325.4954434895164,-9576.171786739833,-9576.171786739833,-9576.171786739833,0.0,0.0,0.0,152160.20008068657
2019-04-08,162992.70227798916,74019.83105663798,210117.0752270765,162992.70227798916,162992.70227798916,-22391.65579968172,-22391.65579968172,-22391.65579968172,-1325.4954434895164,-1325.4954434895164,-1325.4954434895164,-21066.160356192206,-21066.160356192206,-21066.160356192206,0.0,0.0,0.0,140601.04647830743
2019-04-15,162923.53724379922,61230.300108867625,201638.04956831926,162923.53724379922,162923.53724379922,-30723.55786265181,-30723.55786265181,-30723.55786265181,-1325.4954434895164,-1325.4954434895164,-1325.4954434895164,-29398.06241916229,-29398.06241916229,-29398.06241916229,0.0,0.0,0.0,132199.97938114742
2019-04-22,162854.37220960925,51652.74805117368,184630.55047485046,162854.37220960925,162854.37220960925,-39564.86307865289,-39564.86307865289,-39564.86307865289,-1325.4954434895164,-1325.4954434895164,-1325.4954434895164,-38239.36763516337,-38239.36763516337,-38239.36763516337,0.0,0.0,0.0,123289.50913095637
2019-04-29,162785.20717541932,42497.34152257,175334.8206153533,162785.20717541932,162785.20717541932,-52527.72079965959,-52527.72079965959,-52527.72079965959,-1325.4954434895164,-1325.4954434895164,-1325.4954434895164,-51202.22535617007,-51202.22535617007,-51202.22535617007,0.0,0.0,0.0,110257.48637575973
2019-05-06,162716.04214122935,26594.368359660555,162966.09904592758,162716.04214122935,162716.04214122935,-67005.74713615724,-67005.74713615724,-67005.74713615724,-1325.4954434895167,-1325.4954434895167,-1325.4954434895167,-65680.25169266772,-65680.25169266772,-65680.25169266772,0.0,0.0,0.0,95710.29500507211
2019-05-13,162646.8771070394,17251.1171080641,156174.63477976798,162646.8771070394,162646.8771070394,-75047.29617146846,-75047.29617146846,-75047.29617146846,-1325.4954434895164,-1325.4954434895164,-1325.4954434895164,-73721.80072797895,-73721.80072797895,-73721.80072797895,0.0,0.0,0.0,87599.58093557095
2019-05-20,162577.71207284945,25878.14083977,158436.44621716952,162577.71207284945,162577.71207284945,-70064.51298792787,-70064.51298792787,-70064.51298792787,-1325.4954434895164,-1325.4954434895164,-1325.4954434895164,-68739.01754443835,-68739.01754443835,-68739.01754443835,0.0,0.0,0.0,92513.19908492158
2019-10-07,161194.41112048086,94426.21848357246,227938.25889372604,161194.41112048086,161194.41112048086,-672.8215960388483,-672.8215960388483,-672.8215960388483,-1325.4954434895164,-1325.4954434895164,-1325.4954434895164,652.6738474506682,652.6738474506682,652.6738474506682,0.0,0.0,0.0,160521.589524442
2019-10-14,161125.2460728624,99913.53183823515,237455.40826982516,161125.2460728624,161125.2460728624,7521.848017764579,7521.848017764579,7521.848017764579,-1325.4954434895164,-1325.4954434895164,-1325.4954434895164,8847.343461254095,8847.343461254095,8847.343461254095,0.0,0.0,0.0,168647.09409062698
2019-10-21,161056.081025244,102139.41840391436,238019.88990295504,161056.081025244,161056.081025244,13105.393408748861,13105.393408748861,13105.393408748861,-1325.4954434895164,-1325.4954434895164,-1325.4954434895164,14430.888852238379,14430.888852238379,14430.888852238379,0.0,0.0,0.0,174161.47443399287
2019-10-28,160986.91597762558,109722.3516434414,240804.28741035252,160986.91597762558,160986.91597762558,13559.022564474984,13559.022564474984,13559.022564474984,-1325.4954434895167,-1325.4954434895167,-1325.4954434895167,14884.518007964502,14884.518007964502,14884.518007964502,0.0,0.0,0.0,174545.93854210057
2019-11-04,160917.75093000714,103520.28446053609,239700.335481107,160917.75093000714,160917.75093000714,10613.274078401408,10613.274078401408,10613.274078401408,-1325.4954434895164,-1325.4954434895164,-1325.4954434895164,11938.769521890925,11938.769521890925,11938.769521890925,0.0,0.0,0.0,171531.02500840856
2019-11-11,160848.58588238872,99467.74481484144,241189.86080876962,160848.58588238872,160848.58588238872,7934.740527574212,7934.740527574212,7934.740527574212,-1325.4954434895164,-1325.4954434895164,-1325.4954434895164,9260.235971063728,9260.235971063728,9260.235971063728,0.0,0.0,0.0,168783.32640996293
2019-11-18,160779.420848226,101290.6152907109,236505.1035576001,160779.420848226,160779.420848226,8103.139126533988,8103.139126533988,8103.139126533988,-1325.4954434895164,-1325.4954434895164,-1325.4954434895164,9428.634570023505,9428.634570023505,9428.634570023505,0.0,0.0,0.0,168882.55997476
2019-11-25,160710.25581406325,102726.93023106013,241512.30017809008,160710.25581406325,160710.25581406325,11482.824812507502,11482.824812507502,11482.824812507502,-1325.4954434895164,-1325.4954434895164,-1325.4954434895164,12808.32025599702,12808.32025599702,12808.32025599702,0.0,0.0,0.0,172193.08062657074
2019-12-02,160641.09077990052,107662.87042316636,243352.36206189654,160641.09077990052,160641.09077990052,16338.675259302127,16338.675259302127,16338.675259302127,-1325.4954434895164,-1325.4954434895164,-1325.4954434895164,17664.17070279164,17664.17070279164,17664.17070279164,0.0,0.0,0.0,176979.76603920266
2019-12-09,160571.9257457378,110391.29756973224,247590.08068401544,160571.9257457378,160571.9257457378,18787.5892760622,18787.5892760622,18787.5892760622,-1325.4954434895167,-1325.4954434895167,-1325.4954434895167,20113.084719551716,20113.084719551716,20113.084719551716,0.0,0.0,0.0,179359.5150218
2019-12-16,160502.76071157507,105525.95963226564,248903.0737682867,160502.76071157507,160502.76071157507,13721.883624112832,13721.883624112832,13721.883624112832,-1325.4954434895164,-1325.4954434895164,-1325.4954434895164,15047.37906760235,15047.37906760235,15047.37906760235,0.0,0.0,0.0,174224.64433568792
2019-12-23,160433.59567741235,90736.44387576717,229217.54370200483,160433.59567741235,160433.59567741235,-1189.655544256174,-1189.655544256174,-1189.655544256174,-1325.4954434895167,-1325.4954434895167,-1325.4954434895167,135.8398992333427,135.8398992333427,135.8398992333427,0.0,0.0,0.0,159243.94013315617
2019-12-30,160364.4306432496,70860.02318682316,205286.0022753161,160364.4306432496,160364.4306432496,-20236.346688319696,-20236.346688319696,-20236.346688319696,-1325.4954434895164,-1325.4954434895164,-1325.4954434895164,-18910.85124483018,-18910.85124483018,-18910.85124483018,0.0,0.0,0.0,140128.0839549299
2020-01-06,160295.26559928645,63596.19248120223,202130.79506555814,160295.26559928645,160295.26559928645,-29473.944584146448,-29473.944584146448,-29473.944584146448,-1325.4954434895164,-1325.4954434895164,-1325.4954434895164,-28148.449140656932,-28148.449140656932,-28148.449140656932,0.0,0.0,0.0,130821.32101514
2020-01-13,160226.10055532333,78976.32064583442,211385.67577924443,160226.10055532333,160226.10055532333,-15613.530519823233,-15613.530519823233,-15613.530519823233,-1325.4954434895167,-1325.4954434895167,-1325.4954434895167,-14288.035076333717,-14288.035076333717,-14288.035076333717,0.0,0.0,0.0,144612.5700355001
2020-01-20,160156.93551136018,112451.65400591254,247990.19870128666,160156.93551136018,160156.93551136018,21394.430279827786,21394.430279827786,21394.430279827786,-1325.4954434895164,-1325.4954434895164,-1325.4954434895164,22719.925723317305,22719.925723317305,22719.925723317305,0.0,0.0,0.0,181551.36579118797
2020-01-27,160087.77046739703,152403.4904357355,293455.2333074023,160087.77046739703,160087.77046739703,64132.23004403834,64132.23004403834,64132.23004403834,-1325.4954434895164,-1325.4954434895164,-1325.4954434895164,65457.72548752786,65457.72548752786,65457.72548752786,0.0,0.0,0.0,224220.00051143538
2020-02-03,160018.6054234339,177499.56236715426,308083.517742385,160018.6054234339,160018.6054234339,88482.5782258689,88482.5782258689,88482.5782258689,-1325.4954434895164,-1325.4954434895164,-1325.4954434895164,89808.07366935842,89808.07366935842,89808.07366935842,0.0,0.0,0.0,248501.1836493028
2020-02-10,159949.4403794708,178999.74973160733,310243.1434098378,159949.4403794708,159949.4403794708,81834.52876834889,81834.52876834889,81834.52876834889,-1325.4954434895167,-1325.4954434895167,-1325.4954434895167,83160.0242118384,83160.0242118384,83160.0242118384,0.0,0.0,0.0,241783.96914781968
2020-02-17,159880.22140036436,144799.67861737168,282469.5786407849,159880.22140036436,159880.22140036436,52602.33352688641,52602.33352688641,52602.33352688641,-1325.4954434895164,-1325.4954434895164,-1325.4954434895164,53927.82897037593,53927.82897037593,53927.82897037593,0.0,0.0,0.0,212482.55492725078
2020-02-24,159811.00242125796,114409.19871288202,256446.53111049993,159811.00242125796,159811.00242125796,22119.32497735476,22119.32497735476,22119.32497735476,-1325.4954434895167,-1325.4954434895167,-1325.4954434895167,23444.82042084428,23444.82042084428,23444.82042084428,0.0,0.0,0.0,181930.32739861272
2020-03-02,159741.7834421516,97705.13925313004,233344.22929789772,159741.7834421516,159741.7834421516,6581.109767982244,6581.109767982244,6581.109767982244,-1325.4954434895164,-1325.4954434895164,-1325.4954434895164,7906.60521147176,7906.60521147176,7906.60521147176,0.0,0.0,0.0,166322.89321013383
2020-03-09,159672.56446304516,100342.78895080092,237189.56043522092,159672.56446304516,159672.56446304516,5816.673469104661,5816.673469104661,5816.673469104661,-1325.4954434895164,-1325.4954434895164,-1325.4954434895164,7142.1689125941775,7142.1689125941775,7142.1689125941775,0.0,0.0,0.0,165489.23793214982
2020-03-16,159603.34548393879,96992.55197819263,235309.7999315512,159603.34548393879,159603.34548393879,7959.821380322123,7959.821380322123,7959.821380322123,-1325.4954434895162,-1325.4954434895162,-1325.4954434895162,9285.31682381164,9285.31682381164,9285.31682381164,0.0,0.0,0.0,167563.16686426091
2020-03-23,159534.12650483238,94751.37395688132,230964.872402054,159534.12650483238,159534.12650483238,3086.9086385916057,3086.9086385916057,3086.9086385916057,-1325.4954434895167,-1325.4954434895167,-1325.4954434895167,4412.404082081122,4412.404082081122,4412.404082081122,0.0,0.0,0.0,162621.035143424
2020-03-30,159464.90752014238,90948.36657339857,219113.27917784403,159464.90752014238,159464.90752014238,-8594.365298708732,-8594.365298708732,-8594.365298708732,-1325.4954434895162,-1325.4954434895162,-1325.4954434895162,-7268.869855219215,-7268.869855219215,-7268.869855219215,0.0,0.0,0.0,150870.54222143366
2020-04-06,159395.6885354524,72950.15662801471,212242.09034218764,159395.6885354524,159395.6885354524,-20598.637398682633,-20598.637398682633,-20598.637398682633,-1325.4954434895167,-1325.4954434895167,-1325.4954434895167,-19273.141955193114,-19273.141955193114,-19273.141955193114,0.0,0.0,0.0,138797.0511367698
2020-04-13,159326.4695507624,55020.679313756606,195514.06600169465,159326.4695507624,159326.4695507624,-29350.78109433206,-29350.78109433206,-29350.78109433206,-1325.4954434895164,-1325.4954434895164,-1325.4954434895164,-28025.285650842543,-28025.285650842543,-28025.285650842543,0.0,0.0,0.0,129975.68845643036
2020-04-20,159257.25056607244,56403.98472012331,194578.99352720837,159257.25056607244,159257.25056607244,-37727.19909856115,-37727.19909856115,-37727.19909856115,-1325.4954434895164,-1325.4954434895164,-1325.4954434895164,-36401.70365507164,-36401.70365507164,-36401.70365507164,0.0,0.0,0.0,121530.0514675113
2020-04-27,159188.03158138247,40389.37633370964,180799.34645409763,159188.03158138247,159188.03158138247,-49929.07159944546,-49929.07159944546,-49929.07159944546,-1325.4954434895164,-1325.4954434895164,-1325.4954434895164,-48603.57615595594,-48603.57615595594,-48603.57615595594,0.0,0.0,0.0,109258.95998193702
2020-05-04,159118.8125966925,19262.08287649342,158951.95443049344,159118.8125966925,159118.8125966925,-64636.53272649237,-64636.53272649237,-64636.53272649237,-1325.4954434895164,-1325.4954434895164,-1325.4954434895164,-63311.03728300286,-63311.03728300286,-63311.03728300286,0.0,0.0,0.0,94482.27987020013
2020-05-11,159049.5936120025,18375.064620361565,158499.90577606927,159049.5936120025,159049.5936120025,-74449.53857967719,-74449.53857967719,-74449.53857967719,-1325.4954434895164,-1325.4954434895164,-1325.4954434895164,-73124.04313618767,-73124.04313618767,-73124.04313618767,0.0,0.0,0.0,84600.05503232531
2020-05-18,158980.37460194711,13628.74334640068,152300.40430073763,158980.37460194711,158980.37460194711,-71999.55320141539,-71999.55320141539,-71999.55320141539,-1325.4954434895164,-1325.4954434895164,-1325.4954434895164,-70674.05775792587,-70674.05775792587,-70674.05775792587,0.0,0.0,0.0,86980.82140053173
2020-10-05,157595.99440083967,87298.40988506636,221407.47153121792,157595.99440083967,157595.99440083967,-2011.6645559296296,-2011.6645559296296,-2011.6645559296296,-1325.4954434895164,-1325.4954434895164,-1325.4954434895164,-686.169112440113,-686.169112440113,-686.169112440113,0.0,0.0,0.0,155584.32984491004
2020-10-12,157526.77539078429,93193.38293514613,234959.05126943116,157526.77539078429,157526.77539078429,6112.6805375664935,6112.6805375664935,6112.6805375664935,-1325.4954434895167,-1325.4954434895167,-1325.4954434895167,7438.175981056009,7438.175981056009,7438.175981056009,0.0,0.0,0.0,163639.45592835077
2020-10-19,157457.55638072893,97247.73973799314,242240.61450841321,157457.55638072893,157457.55638072893,12471.43195788405,12471.43195788405,12471.43195788405,-1325.4954434895164,-1325.4954434895164,-1325.4954434895164,13796.927401373567,13796.927401373567,13796.927401373567,0.0,0.0,0.0,169928.98833861298
2020-10-26,157388.33737067354,103368.60426359258,240287.0855252855,157388.33737067354,157388.33737067354,13822.71245900589,13822.71245900589,13822.71245900589,-1325.4954434895164,-1325.4954434895164,-1325.4954434895164,15148.207902495407,15148.207902495407,15148.207902495407,0.0,0.0,0.0,171211.04982967942
2020-11-02,157319.1183606182,99054.46879681219,238729.91595738538,157319.1183606182,157319.1183606182,11224.563330464449,11224.563330464449,11224.563330464449,-1325.4954434895164,-1325.4954434895164,-1325.4954434895164,12550.058773953964,12550.058773953964,12550.058773953964,0.0,0.0,0.0,168543.68169108263
2020-11-09,157248.12672356504,92656.86743783427,229968.42340063406,157248.12672356504,157248.12672356504,8250.142037541282,8250.142037541282,8250.142037541282,-1325.4954434895167,-1325.4954434895167,-1325.4954434895167,9575.637481030799,9575.637481030799,9575.637481030799,0.0,0.0,0.0,165498.26876110633
2020-11-16,157177.13508651193,101359.34088092271,228484.43414919372,157177.13508651193,157177.13508651193,7819.56863221558,7819.56863221558,7819.56863221558,-1325.4954434895164,-1325.4954434895164,-1325.4954434895164,9145.064075705097,9145.064075705097,9145.064075705097,0.0,0.0,0.0,164996.7037187275
2020-11-23,157106.1434494588,103198.39499713137,235559.5085543042,157106.1434494588,157106.1434494588,10693.734164066054,10693.734164066054,10693.734164066054,-1325.4954434895164,-1325.4954434895164,-1325.4954434895164,12019.229607555571,12019.229607555571,12019.229607555571,0.0,0.0,0.0,167799.87761352485
2020-11-30,157035.1518124057,107571.06968994063,244388.038333454,157035.1518124057,157035.1518124057,15508.14378896421,15508.14378896421,15508.14378896421,-1325.4954434895164,-1325.4954434895164,-1325.4954434895164,16833.639232453726,16833.639232453726,16833.639232453726,0.0,0.0,0.0,172543.2956013699
2020-12-07,156964.16017535256,102229.24114295801,242518.54249538895,156964.16017535256,156964.16017535256,18758.62701538063,18758.62701538063,18758.62701538063,-1325.4954434895164,-1325.4954434895164,-1325.4954434895164,20084.122458870148,20084.122458870148,20084.122458870148,0.0,0.0,0.0,175722.7871907332
2020-12-14,156893.16853829945,103353.76552089311,240061.207070151,156893.16853829945,156893.16853829945,15361.474076345574,15361.474076345574,15361.474076345574,-1325.4954434895164,-1325.4954434895164,-1325.4954434895164,16686.96951983509,16686.96951983509,16686.96951983509,0.0,0.0,0.0,172254.642614645
2020-12-21,156819.83281373716,88114.28364651563,228780.90198391431,156819.83281373716,156819.83281373716,2071.76936744808,2071.76936744808,2071.76936744808,-1325.4954434895164,-1325.4954434895164,-1325.4954434895164,3397.2648109375964,3397.2648109375964,3397.2648109375964,0.0,0.0,0.0,158891.60218118524
2020-12-28,156746.49708917487,67348.16646677628,205011.62318803216,156746.49708917487,156746.49708917487,-17087.730480272978,-17087.730480272978,-17087.730480272978,-1325.4954434895167,-1325.4954434895167,-1325.4954434895167,-15762.23503678346,-15762.23503678346,-15762.23503678346,0.0,0.0,0.0,139658.7666089019
2021-01-04,156673.16136461258,60629.68679401509,197109.75755741706,156673.16136461258,156673.16136461258,-29244.362488408347,-29244.362488408347,-29244.362488408347,-1325.4954434895164,-1325.4954434895164,-1325.4954434895164,-27918.86704491883,-27918.86704491883,-27918.86704491883,0.0,0.0,0.0,127428.79887620424
2021-01-11,156599.8256400503,72573.00015926916,201372.86193691476,156599.8256400503,156599.8256400503,-20029.512189753736,-20029.512189753736,-20029.512189753736,-1325.4954434895164,-1325.4954434895164,-1325.4954434895164,-18704.01674626422,-18704.01674626422,-18704.01674626422,0.0,0.0,0.0,136570.31345029655
2021-01-18,156526.489915488,103353.72525505252,237771.6658856018,156526.489915488,156526.489915488,13676.434703049537,13676.434703049537,13676.434703049537,-1325.4954434895164,-1325.4954434895164,-1325.4954434895164,15001.930146539054,15001.930146539054,15001.930146539054,0.0,0.0,0.0,170202.92461853754
2021-01-25,156453.15419092574,143568.36722613283,276964.9027940625,156453.15419092574,156453.15419092574,57204.33619518964,57204.33619518964,57204.33619518964,-1325.4954434895164,-1325.4954434895164,-1325.4954434895164,58529.83163867915,58529.83163867915,58529.83163867915,0.0,0.0,0.0,213657.4903861154
2021-02-01,156375.96910399207,176692.54913773295,313468.7739946968,156375.96910399207,156375.96910399207,86311.5176004568,86311.5176004568,86311.5176004568,-1325.4954434895167,-1325.4954434895167,-1325.4954434895167,87637.01304394631,87637.01304394631,87637.01304394631,0.0,0.0,0.0,242687.48670444888
2021-02-08,156298.78401705847,176161.68293567706,312863.69561917835,156298.78401705847,156298.78401705847,85182.03111517717,85182.03111517717,85182.03111517717,-1325.4954434895164,-1325.4954434895164,-1325.4954434895164,86507.5265586667,86507.5265586667,86507.5265586667,0.0,0.0,0.0,241480.81513223564
2021-02-15,156221.5989301248,143843.7503981056,283885.7601016206,156221.5989301248,156221.5989301248,58566.75910554213,58566.75910554213,58566.75910554213,-1325.4954434895164,-1325.4954434895164,-1325.4954434895164,59892.25454903165,59892.25454903165,59892.25454903165,0.0,0.0,0.0,214788.35803566693
2021-02-22,156144.4138431912,113341.38547126926,247076.1367077012,156144.4138431912,156144.4138431912,26741.72841480829,26741.72841480829,26741.72841480829,-1325.4954434895167,-1325.4954434895167,-1325.4954434895167,28067.22385829781,28067.22385829781,28067.22385829781,0.0,0.0,0.0,182886.14225799948
2021-03-01,156067.22875625754,94283.54941911482,234642.87668894566,156067.22875625754,156067.22875625754,8045.9523542788575,8045.9523542788575,8045.9523542788575,-1325.4954434895167,-1325.4954434895167,-1325.4954434895167,9371.447797768375,9371.447797768375,9371.447797768375,0.0,0.0,0.0,164113.1811105364
2021-03-08,155990.04366932393,93417.74561463196,225702.74234283104,155990.04366932393,155990.04366932393,5343.42622484519,5343.42622484519,5343.42622484519,-1325.4954434895164,-1325.4954434895164,-1325.4954434895164,6668.921668334706,6668.921668334706,6668.921668334706,0.0,0.0,0.0,161333.46989416913
2021-03-15,155896.10868415845,93916.55439651599,234453.0091333621,155896.10868415845,155896.10868415845,7924.647170645219,7924.647170645219,7924.647170645219,-1325.4954434895164,-1325.4954434895164,-1325.4954434895164,9250.142614134737,9250.142614134737,9250.142614134737,0.0,0.0,0.0,163820.75585480366
2021-03-22,155802.17369899296,91774.62204001118,232658.53267742338,155802.17369899296,155802.17369899296,4595.707567141545,4595.707567141545,4595.707567141545,-1325.4954434895164,-1325.4954434895164,-1325.4954434895164,5921.203010631062,5921.203010631062,5921.203010631062,0.0,0.0,0.0,160397.8812661345
2021-03-29,155708.23871382748,82762.45078838381,218031.6849004813,155708.23871382748,155708.23871382748,-6287.3914195803745,-6287.3914195803745,-6287.3914195803745,-1325.4954434895167,-1325.4954434895167,-1325.4954434895167,-4961.895976090858,-4961.895976090858,-4961.895976090858,0.0,0.0,0.0,149420.8472942471
2021-04-05,155614.30372866202,67265.6139509092,206126.49448521293,155614.30372866202,155614.30372866202,-18681.692613370535,-18681.692613370535,-18681.692613370535,-1325.4954434895164,-1325.4954434895164,-1325.4954434895164,-17356.19716988102,-17356.19716988102,-17356.19716988102,0.0,0.0,0.0,136932.61111529148
2021-04-12,155520.36874349654,62576.80794835106,197531.82768979666,155520.36874349654,155520.36874349654,-27961.980738447783,-27961.980738447783,-27961.980738447783,-1325.4954434895164,-1325.4954434895164,-1325.4954434895164,-26636.485294958267,-26636.485294958267,-26636.485294958267,0.0,0.0,0.0,127558.38800504876
2021-04-19,155426.4337583311,50190.70703606216,186844.95918628317,155426.4337583311,155426.4337583311,-36028.397586360355,-36028.397586360355,-36028.397586360355,-1325.4954434895164,-1325.4954434895164,-1325.4954434895164,-34702.90214287084,-34702.90214287084,-34702.90214287084,0.0,0.0,0.0,119398.03617197076
2021-04-26,155321.46946833655,39905.41959155661,172610.53729303932,155321.46946833655,155321.46946833655,-47428.68926415016,-47428.68926415016,-47428.68926415016,-1325.4954434895162,-1325.4954434895162,-1325.4954434895162,-46103.19382066065,-46103.19382066065,-46103.19382066065,0.0,0.0,0.0,107892.78020418639
2021-05-03,155216.50517834202,25264.061338765747,164378.4283704983,155216.50517834202,155216.50517834202,-62111.14434307207,-62111.14434307207,-62111.14434307207,-1325.4954434895164,-1325.4954434895164,-1325.4954434895164,-60785.64889958256,-60785.64889958256,-60785.64889958256,0.0,0.0,0.0,93105.36083526995
2021-05-10,155111.5408883475,14016.300971607627,150207.10942119706,155111.5408883475,155111.5408883475,-73442.1867314926,-73442.1867314926,-73442.1867314926,-1325.4954434895164,-1325.4954434895164,-1325.4954434895164,-72116.69128800309,-72116.69128800309,-72116.69128800309,0.0,0.0,0.0,81669.35415685488
2021-05-17,155006.57659835296,12116.853040246464,154600.3190992261,155006.57659835296,155006.57659835296,-73489.87314950913,-73489.87314950913,-73489.87314950913,-1325.4954434895164,-1325.4954434895164,-1325.4954434895164,-72164.37770601962,-72164.37770601962,-72164.37770601962,0.0,0.0,0.0,81516.70344884382
2021-10-04,152907.2907984622,81064.09047366974,216840.80000999974,152907.2907984622,152907.2907984622,-3233.0093884664493,-3233.0093884664493,-3233.0093884664493,-1325.4954434895167,-1325.4954434895167,-1325.4954434895167,-1907.5139449769326,-1907.5139449769326,-1907.5139449769326,0.0,0.0,0.0,149674.28140999575
2021-10-11,152802.32650846767,86225.43858086111,224009.2442255147,152802.32650846767,152802.32650846767,4641.136621120832,4641.136621120832,4641.136621120832,-1325.4954434895164,-1325.4954434895164,-1325.4954434895164,5966.632064610348,5966.632064610348,5966.632064610348,0.0,0.0,0.0,157443.4631295885
2021-10-18,152667.0522773133,94443.90540442539,235224.16879419851,152667.0522773133,152667.0522773133,11665.012125562309,11665.012125562309,11665.012125562309,-1325.4954434895167,-1325.4954434895167,-1325.4954434895167,12990.507569051824,12990.507569051824,12990.507569051824,0.0,0.0,0.0,164332.0644028756
2021-10-25,152531.77804615896,97493.08669966762,236648.35468549482,152531.77804615896,152531.77804615896,13953.517956578979,13953.517956578979,13953.517956578979,-1325.4954434895164,-1325.4954434895164,-1325.4954434895164,15279.013400068494,15279.013400068494,15279.013400068494,0.0,0.0,0.0,166485.29600273794
2021-11-01,152396.50381500463,97267.06309150865,234512.94003649856,152396.50381500463,152396.50381500463,11826.341359164155,11826.341359164155,11826.341359164155,-1325.4954434895164,-1325.4954434895164,-1325.4954434895164,13151.83680265367,13151.83680265367,13151.83680265367,0.0,0.0,0.0,164222.8451741688
2021-11-08,152261.22958385028,92971.2829708782,226182.60159076832,152261.22958385028,152261.22958385028,8652.84686205832,8652.84686205832,8652.84686205832,-1325.4954434895164,-1325.4954434895164,-1325.4954434895164,9978.342305547838,9978.342305547838,9978.342305547838,0.0,0.0,0.0,160914.0764459086
2021-11-15,152125.95535269595,92249.85302775234,229290.05411142576,152125.95535269595,152125.95535269595,7646.653525976362,7646.653525976362,7646.653525976362,-1325.4954434895164,-1325.4954434895164,-1325.4954434895164,8972.14896946588,8972.14896946588,8972.14896946588,0.0,0.0,0.0,159772.6088786723
2021-11-22,151990.68112154157,94071.62375074391,222839.01808340012,151990.68112154157,151990.68112154157,9972.063494811428,9972.063494811428,9972.063494811428,-1325.4954434895164,-1325.4954434895164,-1325.4954434895164,11297.558938300943,11297.558938300943,11297.558938300943,0.0,0.0,0.0,161962.74461635298
2021-11-29,151855.40689038724,91981.79048699621,233428.9991758711,151855.40689038724,151855.40689038724,14632.982173092745,14632.982173092745,14632.982173092745,-1325.4954434895164,-1325.4954434895164,-1325.4954434895164,15958.47761658226,15958.47761658226,15958.47761658226,0.0,0.0,0.0,166488.38906348
2021-12-06,151698.988230448,101006.71923724518,240501.59900666328,151698.988230448,151698.988230448,18514.012548319646,18514.012548319646,18514.012548319646,-1325.4954434895164,-1325.4954434895164,-1325.4954434895164,19839.50799180916,19839.50799180916,19839.50799180916,0.0,0.0,0.0,170213.00077876766
2021-12-13,151542.5695705088,100643.24881250327,230670.9673913921,151542.5695705088,151542.5695705088,16665.599315596468,16665.599315596468,16665.599315596468,-1325.4954434895164,-1325.4954434895164,-1325.4954434895164,17991.094759085983,17991.094759085983,17991.094759085983,0.0,0.0,0.0,168208.16888610524
2021-12-20,151386.15091056956,87319.627282938,225803.4981914684,151386.15091056956,151386.15091056956,5119.640069826272,5119.640069826272,5119.640069826272,-1325.4954434895164,-1325.4954434895164,-1325.4954434895164,6445.135513315788,6445.135513315788,6445.135513315788,0.0,0.0,0.0,156505.79098039583
2021-12-27,151229.73225063033,67914.09988009949,203389.22468603353,151229.73225063033,151229.73225063033,-13722.063866416152,-13722.063866416152,-13722.063866416152,-1325.4954434895164,-1325.4954434895164,-1325.4954434895164,-12396.568422926635,-12396.568422926635,-12396.568422926635,0.0,0.0,0.0,137507.66838421416
2022-01-03,151073.3135906911,54970.951665605186,193975.8660645693,151073.3135906911,151073.3135906911,-28302.074219015678,-28302.074219015678,-28302.074219015678,-1325.4954434895164,-1325.4954434895164,-1325.4954434895164,-26976.578775526163,-26976.578775526163,-26976.578775526163,0.0,0.0,0.0,122771.23937167543
2022-01-10,150916.89493075188,60587.90246935623,195644.96870555973,150916.89493075188,150916.89493075188,-23612.846136697768,-23612.846136697768,-23612.846136697768,-1325.4954434895164,-1325.4954434895164,-1325.4954434895164,-22287.350693208253,-22287.350693208253,-22287.350693208253,0.0,0.0,0.0,127304.0487940541
2022-01-17,150749.06371551205,82000.48210652587,219259.21611214496,150749.06371551205,150749.06371551205,6300.330915658396,6300.330915658396,6300.330915658396,-1325.4954434895164,-1325.4954434895164,-1325.4954434895164,7625.826359147912,7625.826359147912,7625.826359147912,0.0,0.0,0.0,157049.39463117043
2022-01-24,150581.23250027225,130575.40326200087,268882.1832469034,150581.23250027225,150581.23250027225,49792.65356678543,49792.65356678543,49792.65356678543,-1325.4954434895164,-1325.4954434895164,-1325.4954434895164,51118.14901027495,51118.14901027495,51118.14901027495,0.0,0.0,0.0,200373.88606705767
2022-01-31,150413.40128503242,162657.55656401208,297383.7096317603,150413.40128503242,150413.40128503242,83116.4466811047,83116.4466811047,83116.4466811047,-1325.4954434895164,-1325.4954434895164,-1325.4954434895164,84441.94212459422,84441.94212459422,84441.94212459422,0.0,0.0,0.0,233529.8479661371
2022-02-07,150245.57006979262,170476.53157751285,310260.17717978184,150245.57006979262,150245.57006979262,87671.90562400768,87671.90562400768,87671.90562400768,-1325.4954434895164,-1325.4954434895164,-1325.4954434895164,88997.4010674972,88997.4010674972,88997.4010674972,0.0,0.0,0.0,237917.4756938003
2022-02-14,150077.73885455282,144464.74342841443,282144.05063195707,150077.73885455282,150077.73885455282,64371.706246700705,64371.706246700705,64371.706246700705,-1325.4954434895164,-1325.4954434895164,-1325.4954434895164,65697.20169019022,65697.20169019022,65697.20169019022,0.0,0.0,0.0,214449.4451012535
2022-02-21,149909.907639313,116077.50865637457,249089.52983498355,149909.907639313,149909.907639313,31828.922906304317,31828.922906304317,31828.922906304317,-1325.4954434895162,-1325.4954434895162,-1325.4954434895162,33154.418349793836,33154.418349793836,33154.418349793836,0.0,0.0,0.0,181738.83054561733
2022-02-28,149739.460617968,93936.14804827703,228316.40693721772,149739.460617968,149739.460617968,10060.1696916893,10060.1696916893,10060.1696916893,-1325.4954434895167,-1325.4954434895167,-1325.4954434895167,11385.665135178815,11385.665135178815,11385.665135178815,0.0,0.0,0.0,159799.6303096573
2022-03-07,149569.013596623,85609.6901066377,222246.43302477966,149569.013596623,149569.013596623,5038.485450240986,5038.485450240986,5038.485450240986,-1325.4954434895167,-1325.4954434895167,-1325.4954434895167,6363.980893730503,6363.980893730503,6363.980893730503,0.0,0.0,0.0,154607.499046864
2022-03-14,149398.56657527803,88438.35234708528,229814.76339397457,149398.56657527803,149398.56657527803,7671.474429953669,7671.474429953669,7671.474429953669,-1325.4954434895164,-1325.4954434895164,-1325.4954434895164,8996.969873443186,8996.969873443186,8996.969873443186,0.0,0.0,0.0,157070.0410052317
2022-03-21,149228.11955393304,91848.60161897974,224916.80165284054,149228.11955393304,149228.11955393304,5840.954067667688,5840.954067667688,5840.954067667688,-1325.4954434895164,-1325.4954434895164,-1325.4954434895164,7166.449511157204,7166.449511157204,7166.449511157204,0.0,0.0,0.0,155069.07362160072
2022-03-28,149057.67253258804,78267.902700301,213765.44683558462,149057.67253258804,149057.67253258804,-4023.1496657265775,-4023.1496657265775,-4023.1496657265775,-1325.4954434895164,-1325.4954434895164,-1325.4954434895164,-2697.6542222370617,-2697.6542222370617,-2697.6542222370617,0.0,0.0,0.0,145034.52286686146
2022-04-04,148887.22551124307,62231.47297668634,206944.832630448,148887.22551124307,148887.22551124307,-16644.879658690243,-16644.879658690243,-16644.879658690243,-1325.4954434895164,-1325.4954434895164,-1325.4954434895164,-15319.384215200726,-15319.384215200726,-15319.384215200726,0.0,0.0,0.0,132242.34585255283
2022-04-11,148716.7784898981,53454.874238401644,193297.4180570076,148716.7784898981,148716.7784898981,-26526.330043683705,-26526.330043683705,-26526.330043683705,-1325.4954434895167,-1325.4954434895167,-1325.4954434895167,-25200.83460019419,-25200.83460019419,-25200.83460019419,0.0,0.0,0.0,122190.4484462144
2022-04-18,148546.33144717585,46718.20688893131,181345.12784290695,148546.33144717585,148546.33144717585,-34450.00052372484,-34450.00052372484,-34450.00052372484,-1325.4954434895164,-1325.4954434895164,-1325.4954434895164,-33124.50508023532,-33124.50508023532,-33124.50508023532,0.0,0.0,0.0,114096.33092345101
2022-04-25,148375.88440445362,32055.780979861192,169329.14810116237,148375.88440445362,148375.88440445362,-45052.8941386463,-45052.8941386463,-45052.8941386463,-1325.4954434895164,-1325.4954434895164,-1325.4954434895164,-43727.39869515678,-43727.39869515678,-43727.39869515678,0.0,0.0,0.0,103322.99026580733
2022-05-02,148205.43736173137,24374.61611015471,156258.84555844462,148205.43736173137,148205.43736173137,-59482.76451591597,-59482.76451591597,-59482.76451591597,-1325.4954434895164,-1325.4954434895164,-1325.4954434895164,-58157.269072426454,-58157.269072426454,-58157.269072426454,0.0,0.0,0.0,88722.6728458154
2022-05-09,148034.99031900914,4436.859045512941,147513.79152179972,148034.99031900914,148034.99031900914,-72058.81218058366,-72058.81218058366,-72058.81218058366,-1325.4954434895164,-1325.4954434895164,-1325.4954434895164,-70733.31673709414,-70733.31673709414,-70733.31673709414,0.0,0.0,0.0,75976.17813842549
2022-05-16,147864.54327628686,172.02568513537256,135988.45680555925,147864.54327628686,147864.54327628686,-74521.69125201934,-74521.69125201934,-74521.69125201934,-1325.4954434895164,-1325.4954434895164,-1325.4954434895164,-73196.19580852982,-73196.19580852982,-73196.19580852982,0.0,0.0,0.0,73342.85202426751
2022-10-03,144455.60242184202,77087.91222776767,213444.70936719826,144455.60242184202,144455.60242184202,-4310.593285480215,-4310.593285480215,-4310.593285480215,-1325.4954434895164,-1325.4954434895164,-1325.4954434895164,-2985.097841990698,-2985.097841990698,-2985.097841990698,0.0,0.0,0.0,140145.0091363618
2022-10-10,144285.15537413248,79992.72791054874,218139.1477426421,144285.15537413248,144285.15537413248,3138.8000767075923,3138.8000767075923,3138.8000767075923,-1325.4954434895164,-1325.4954434895164,-1325.4954434895164,4464.295520197109,4464.295520197109,4464.295520197109,0.0,0.0,0.0,147423.95545084006
2022-10-17,144114.70832642296,84382.5110638929,220806.26490736456,144114.70832642296,144114.70832642296,10695.006276951979,10695.006276951979,10695.006276951979,-1325.4954434895164,-1325.4954434895164,-1325.4954434895164,12020.501720441496,12020.501720441496,12020.501720441496,0.0,0.0,0.0,154809.71460337494
2022-10-24,143944.26127871344,84379.12686512357,225347.11354208636,143944.26127871344,143944.26127871344,13934.90346415508,13934.90346415508,13934.90346415508,-1325.4954434895164,-1325.4954434895164,-1325.4954434895164,15260.398907644598,15260.398907644598,15260.398907644598,0.0,0.0,0.0,157879.1647428685
2022-10-31,143773.8142310039,90358.45834378753,224851.20281049193,143773.8142310039,143773.8142310039,12395.824754078933,12395.824754078933,12395.824754078933,-1325.4954434895164,-1325.4954434895164,-1325.4954434895164,13721.32019756845,13721.32019756845,13721.32019756845,0.0,0.0,0.0,156169.63898508283
2022-11-07,143603.36718329435,85015.31378604542,219068.0785035092,143603.36718329435,143603.36718329435,9130.696104720562,9130.696104720562,9130.696104720562,-1325.4954434895164,-1325.4954434895164,-1325.4954434895164,10456.191548210078,10456.191548210078,10456.191548210078,0.0,0.0,0.0,152734.0632880149
2022-11-14,143432.92013558483,84638.6353314095,218946.90148738772,143432.92013558483,143432.92013558483,7585.447250614828,7585.447250614828,7585.447250614828,-1325.4954434895164,-1325.4954434895164,-1325.4954434895164,8910.942694104344,8910.942694104344,8910.942694104344,0.0,0.0,0.0,151018.36738619965
2022-11-21,143262.4730855399,77432.47150955202,223364.03654589903,143262.4730855399,143262.4730855399,9330.214779718366,9330.214779718366,9330.214779718366,-1325.4954434895164,-1325.4954434895164,-1325.4954434895164,10655.710223207883,10655.710223207883,10655.710223207883,0.0,0.0,0.0,152592.68786525828
2022-11-28,143092.026035495,86222.86817674378,228785.2565071512,143092.026035495,143092.026035495,13738.667650573896,13738.667650573896,13738.667650573896,-1325.4954434895164,-1325.4954434895164,-1325.4954434895164,15064.163094063413,15064.163094063413,15064.163094063413,0.0,0.0,0.0,156830.69368606887
2022-12-05,142921.5789854501,95765.1267275283,227696.6900709579,142921.5789854501,142921.5789854501,18085.429859266256,18085.429859266256,18085.429859266256,-1325.4954434895167,-1325.4954434895167,-1325.4954434895167,19410.92530275577,19410.92530275577,19410.92530275577,0.0,0.0,0.0,161007.00884471636
2022-12-12,142751.13193540517,93565.35750140199,230819.07593424813,142751.13193540517,142751.13193540517,17643.312240776522,17643.312240776522,17643.312240776522,-1325.4954434895164,-1325.4954434895164,-1325.4954434895164,18968.807684266038,18968.807684266038,18968.807684266038,0.0,0.0,0.0,160394.44417618169
2022-12-19,142580.68488536024,87269.95126269033,218625.50173095716,142580.68488536024,142580.68488536024,7907.929832099803,7907.929832099803,7907.929832099803,-1325.4954434895164,-1325.4954434895164,-1325.4954434895164,9233.42527558932,9233.42527558932,9233.42527558932,0.0,0.0,0.0,150488.61471746003
2022-12-26,142410.2378353153,60064.41387638464,206376.5986502846,142410.2378353153,142410.2378353153,-10232.324932682704,-10232.324932682704,-10232.324932682704,-1325.4954434895164,-1325.4954434895164,-1325.4954434895164,-8906.82948919319,-8906.82948919319,-8906.82948919319,0.0,0.0,0.0,132177.91290263258
2023-01-02,142239.79078527036,46750.1478697723,176416.64855791637,142239.79078527036,142239.79078527036,-26720.692572109507,-26720.692572109507,-26720.692572109507,-1325.4954434895164,-1325.4954434895164,-1325.4954434895164,-25395.19712861999,-25395.19712861999,-25395.19712861999,0.0,0.0,0.0,115519.09821316086
2023-01-09,142069.343733204,49817.255325936436,188618.1203279781,142069.343733204,142069.343733204,-26340.975067482304,-26340.975067482304,-26340.975067482304,-1325.4954434895164,-1325.4954434895164,-1325.4954434895164,-25015.47962399279,-25015.47962399279,-25015.47962399279,0.0,0.0,0.0,115728.3686657217
2023-01-16,141898.89668113764,74054.58016198431,208621.8130248722,141898.89668113764,141898.89668113764,-606.7864003679879,-606.7864003679879,-606.7864003679879,-1325.4954434895164,-1325.4954434895164,-1325.4954434895164,718.7090431215285,718.7090431215285,718.7090431215285,0.0,0.0,0.0,141292.11028076964
2023-01-23,141728.4496290713,118861.09660241181,250001.56613053725,141728.4496290713,141728.4496290713,42042.42319940984,42042.42319940984,42042.42319940984,-1325.4954434895164,-1325.4954434895164,-1325.4954434895164,43367.91864289935,43367.91864289935,43367.91864289935,0.0,0.0,0.0,183770.87282848114
2023-01-30,141558.00257700495,151201.76505017758,290430.93042428663,141558.00257700495,141558.00257700495,78947.31789843895,78947.31789843895,78947.31789843895,-1325.4954434895167,-1325.4954434895167,-1325.4954434895167,80272.81334192847,80272.81334192847,80272.81334192847,0.0,0.0,0.0,220505.3204754439
2023-02-06,141387.55552493857,161702.6750240067,300170.3723114296,141387.55552493857,141387.55552493857,89222.14543280384,89222.14543280384,89222.14543280384,-1325.4954434895167,-1325.4954434895167,-1325.4954434895167,90547.64087629336,90547.64087629336,90547.64087629336,0.0,0.0,0.0,230609.7009577424
2023-02-13,141217.10847287223,139878.0824395388,281280.99262980587,141217.10847287223,141217.10847287223,69878.72992572635,69878.72992572635,69878.72992572635,-1325.4954434895164,-1325.4954434895164,-1325.4954434895164,71204.22536921587,71204.22536921587,71204.22536921587,0.0,0.0,0.0,211095.8383985986
2023-02-20,141046.66141953,107839.07731419434,251271.78331093927,141046.66141953,141046.66141953,37301.723783758,37301.723783758,37301.723783758,-1325.4954434895164,-1325.4954434895164,-1325.4954434895164,38627.21922724752,38627.21922724752,38627.21922724752,0.0,0.0,0.0,178348.385203288
2023-02-27,140876.21436618778,88572.16101970513,227096.15517719625,140876.21436618778,140876.21436618778,12652.424559487055,12652.424559487055,12652.424559487055,-1325.4954434895164,-1325.4954434895164,-1325.4954434895164,13977.920002976573,13977.920002976573,13977.920002976573,0.0,0.0,0.0,153528.63892567484
2023-03-06,140705.76731284554,72421.60049309256,213064.2398413732,140705.76731284554,140705.76731284554,4985.054785448073,4985.054785448073,4985.054785448073,-1325.4954434895167,-1325.4954434895167,-1325.4954434895167,6310.55022893759,6310.55022893759,6310.55022893759,0.0,0.0,0.0,145690.8220982936
2023-03-13,140535.32025950332,80841.63621773128,212449.3137364669,140535.32025950332,140535.32025950332,7249.240833031991,7249.240833031991,7249.240833031991,-1325.4954434895164,-1325.4954434895164,-1325.4954434895164,8574.736276521508,8574.736276521508,8574.736276521508,0.0,0.0,0.0,147784.56109253532
2023-03-20,140364.87320616114,76945.80642459482,216150.8310834369,140364.87320616114,140364.87320616114,6803.660259454767,6803.660259454767,6803.660259454767,-1325.4954434895164,-1325.4954434895164,-1325.4954434895164,8129.155702944283,8129.155702944283,8129.155702944283,0.0,0.0,0.0,147168.5334656159
2023-03-27,140194.4261528189,73630.62948534146,209778.32519527024,140194.4261528189,140194.4261528189,-1846.3777261580713,-1846.3777261580713,-1846.3777261580713,-1325.4954434895164,-1325.4954434895164,-1325.4954434895164,-520.8822826685548,-520.8822826685548,-520.8822826685548,0.0,0.0,0.0,138348.04842666083
2023-04-03,140023.97910664717,58341.0976043504,196956.05223324816,140023.97910664717,140023.97910664717,-14500.746352359269,-14500.746352359269,-14500.746352359269,-1325.4954434895164,-1325.4954434895164,-1325.4954434895164,-13175.250908869752,-13175.250908869752,-13175.250908869752,0.0,0.0,0.0,125523.23275428789
2023-04-10,139853.53206047544,48702.91597984132,183146.6304899396,139853.53206047544,139853.53206047544,-25016.34380805404,-25016.34380805404,-25016.34380805404,-1325.4954434895164,-1325.4954434895164,-1325.4954434895164,-23690.848364564525,-23690.848364564525,-23690.848364564525,0.0,0.0,0.0,114837.1882524214
2023-04-17,139683.0850143037,38274.56428780924,175223.2080333615,139683.0850143037,139683.0850143037,-32967.76190802376,-32967.76190802376,-32967.76190802376,-1325.4954434895164,-1325.4954434895164,-1325.4954434895164,-31642.26646453424,-31642.26646453424,-31642.26646453424,0.0,0.0,0.0,106715.32310627995
2023-04-24,139512.63796813198,30708.22659598863,168302.49497555092,139512.63796813198,139512.63796813198,-42819.84837030395,-42819.84837030395,-42819.84837030395,-1325.4954434895164,-1325.4954434895164,-1325.4954434895164,-41494.352926814434,-41494.352926814434,-41494.352926814434,0.0,0.0,0.0,96692.78959782803
2023-05-01,139342.19092196025,13335.395762843365,149588.05762565313,139342.19092196025,139342.19092196025,-56802.99616289965,-56802.99616289965,-56802.99616289965,-1325.4954434895164,-1325.4954434895164,-1325.4954434895164,-55477.500719410134,-55477.500719410134,-55477.500719410134,0.0,0.0,0.0,82539.1947590606
2023-05-08,139171.74387578852,-2324.379168359465,140874.11410112484,139171.74387578852,139171.74387578852,-70339.59395523409,-70339.59395523409,-70339.59395523409,-1325.4954434895164,-1325.4954434895164,-1325.4954434895164,-69014.09851174457,-69014.09851174457,-69014.09851174457,0.0,0.0,0.0,68832.14992055444
2023-05-15,139001.29682961677,-8015.565769863399,130104.61299418013,139001.29682961677,139001.29682961677,-75089.88013897404,-75089.88013897404,-75089.88013897404,-1325.4954434895164,-1325.4954434895164,-1325.4954434895164,-73764.38469548452,-73764.38469548452,-73764.38469548452,0.0,0.0,0.0,63911.41669064273
2023-10-02,135592.355948685,66864.07151981287,197191.6732025697,135592.355948685,135592.355948685,-5222.451681140989,-5222.451681140989,-5222.451681140989,-1325.4954434895164,-1325.4954434895164,-1325.4954434895164,-3896.9562376514737,-3896.9562376514737,-3896.9562376514737,0.0,0.0,0.0,130369.90426754401
2023-10-09,135421.9089046384,66933.2773492322,209327.9221051038,135421.9089046384,135421.9089046384,1638.7812569248385,1638.7812569248385,1638.7812569248385,-1325.4954434895167,-1325.4954434895167,-1325.4954434895167,2964.276700414355,2964.276700414355,2964.276700414355,0.0,0.0,0.0,137060.69016156325
2023-10-16,135251.4618605918,69221.21602386163,216984.83424163156,135251.4618605918,135251.4618605918,9575.429450792148,9575.429450792148,9575.429450792148,-1325.4954434895164,-1325.4954434895164,-1325.4954434895164,10900.924894281665,10900.924894281665,10900.924894281665,0.0,0.0,0.0,144826.89131138395
2023-10-23,135081.01481654524,80129.05998377144,219255.9855010378,135081.01481654524,135081.01481654524,13753.807578639995,13753.807578639995,13753.807578639995,-1325.4954434895164,-1325.4954434895164,-1325.4954434895164,15079.303022129512,15079.303022129512,15079.303022129512,0.0,0.0,0.0,148834.82239518524
2023-10-30,134910.56777249865,75848.6816858931,213533.8045411468,134910.56777249865,134910.56777249865,12909.738931911184,12909.738931911184,12909.738931911184,-1325.4954434895164,-1325.4954434895164,-1325.4954434895164,14235.234375400702,14235.234375400702,14235.234375400702,0.0,0.0,0.0,147820.30670440983
2023-11-06,134740.12072845205,81149.41056369532,208297.74017835263,134740.12072845205,134740.12072845205,9669.072763568332,9669.072763568332,9669.072763568332,-1325.4954434895164,-1325.4954434895164,-1325.4954434895164,10994.56820705785,10994.56820705785,10994.56820705785,0.0,0.0,0.0,144409.1934920204
2023-11-13,134569.6736907919,65830.28421560244,210821.96675850145,134569.6736907919,134569.6736907919,7634.854403901281,7634.854403901281,7634.854403901281,-1325.4954434895164,-1325.4954434895164,-1325.4954434895164,8960.349847390798,8960.349847390798,8960.349847390798,0.0,0.0,0.0,142204.5280946932
2023-11-20,134399.22665313177,74560.45097925955,215204.25858861292,134399.22665313177,134399.22665313177,8778.494061776179,8778.494061776179,8778.494061776179,-1325.4954434895164,-1325.4954434895164,-1325.4954434895164,10103.989505265696,10103.989505265696,10103.989505265696,0.0,0.0,0.0,143177.72071490795
2023-11-27,134228.77961547163,76436.54092515592,214081.15469334964,134228.77961547163,134228.77961547163,12848.326092960817,12848.326092960817,12848.326092960817,-1325.4954434895164,-1325.4954434895164,-1325.4954434895164,14173.821536450332,14173.821536450332,14173.821536450332,0.0,0.0,0.0,147077.10570843244
2023-12-04,134058.33257781147,82984.45835143626,223592.5377418244,134058.33257781147,134058.33257781147,17504.93878820734,17504.93878820734,17504.93878820734,-1325.4954434895164,-1325.4954434895164,-1325.4954434895164,18830.434231696858,18830.434231696858,18830.434231696858,0.0,0.0,0.0,151563.2713660188
2023-12-11,133887.88554015136,84194.47454755096,221907.28134196333,133887.88554015136,133887.88554015136,18310.519917884452,18310.519917884452,18310.519917884452,-1325.4954434895164,-1325.4954434895164,-1325.4954434895164,19636.015361373968,19636.015361373968,19636.015361373968,0.0,0.0,0.0,152198.40545803582
2023-12-18,133717.4385024912,81608.11925800638,211527.57397165865,133717.4385024912,133717.4385024912,10401.572896420757,10401.572896420757,10401.572896420757,-1325.4954434895167,-1325.4954434895167,-1325.4954434895167,11727.068339910275,11727.068339910275,11727.068339910275,0.0,0.0,0.0,144119.01139891194
2023-12-25,133546.99146483105,56638.18055295874,194198.92649292582,133546.99146483105,133546.99146483105,-6706.534967135409,-6706.534967135409,-6706.534967135409,-1325.4954434895167,-1325.4954434895167,-1325.4954434895167,-5381.039523645893,-5381.039523645893,-5381.039523645893,0.0,0.0,0.0,126840.45649769565
2024-01-01,133376.5444271709,38184.06506636799,174862.97251556025,133376.5444271709,133376.5444271709,-24583.686521563348,-24583.686521563348,-24583.686521563348,-1325.4954434895164,-1325.4954434895164,-1325.4954434895164,-23258.19107807383,-23258.19107807383,-23258.19107807383,0.0,0.0,0.0,108792.85790560757
2024-01-08,133206.09738951075,36246.88031030465,173846.28377290114,133206.09738951075,133206.09738951075,-28211.968442262554,-28211.968442262554,-28211.968442262554,-1325.4954434895164,-1325.4954434895164,-1325.4954434895164,-26886.47299877304,-26886.47299877304,-26886.47299877304,0.0,0.0,0.0,104994.12894724819
2024-01-15,133035.65035185064,57912.05301575058,196888.9252248415,133035.65035185064,133035.65035185064,-6932.499701427158,-6932.499701427158,-6932.499701427158,-1325.4954434895164,-1325.4954434895164,-1325.4954434895164,-5607.004257937642,-5607.004257937642,-5607.004257937642,0.0,0.0,0.0,126103.15065042349
2024-01-22,132865.2033141905,96061.56876297439,232769.1282736474,132865.2033141905,132865.2033141905,34104.63082455824,34104.63082455824,34104.63082455824,-1325.4954434895167,-1325.4954434895167,-1325.4954434895167,35430.12626804775,35430.12626804775,35430.12626804775,0.0,0.0,0.0,166969.83413874873
2024-01-29,132694.75627653033,145658.26855111605,271305.0104420188,132694.75627653033,132694.75627653033,73877.10182061006,73877.10182061006,73877.10182061006,-1325.4954434895164,-1325.4954434895164,-1325.4954434895164,75202.59726409958,75202.59726409958,75202.59726409958,0.0,0.0,0.0,206571.8580971404
2024-02-05,132524.30923887022,158111.53281812402,294143.28927683807,132524.30923887022,132524.30923887022,89771.59854973633,89771.59854973633,89771.59854973633,-1325.4954434895164,-1325.4954434895164,-1325.4954434895164,91097.09399322585,91097.09399322585,91097.09399322585,0.0,0.0,0.0,222295.90778860654
2024-02-12,132353.86220121008,138245.81563181154,271408.1038714569,132353.86220121008,132353.86220121008,74950.60808623093,74950.60808623093,74950.60808623093,-1325.4954434895164,-1325.4954434895164,-1325.4954434895164,76276.10352972045,76276.10352972045,76276.10352972045,0.0,0.0,0.0,207304.470287441
2024-02-19,132183.41516354991,108908.42781272873,234022.06862632636,132183.41516354991,132183.41516354991,43063.77012401965,43063.77012401965,43063.77012401965,-1325.4954434895164,-1325.4954434895164,-1325.4954434895164,44389.26556750917,44389.26556750917,44389.26556750917,0.0,0.0,0.0,175247.18528756956
2024-02-26,132012.96812588978,80206.58666670679,217043.86197917027,132012.96812588978,132012.96812588978,15833.493542629418,15833.493542629418,15833.493542629418,-1325.4954434895164,-1325.4954434895164,-1325.4954434895164,17158.988986118937,17158.988986118937,17158.988986118937,0.0,0.0,0.0,147846.4616685192
2024-03-04,131842.52108822964,74060.30671543095,204643.72474390213,131842.52108822964,131842.52108822964,5263.445985350919,5263.445985350919,5263.445985350919,-1325.4954434895167,-1325.4954434895167,-1325.4954434895167,6588.941428840435,6588.941428840435,6588.941428840435,0.0,0.0,0.0,137105.96707358057
2024-03-11,131672.0740505695,63021.48063292838,209261.91282784427,131672.0740505695,131672.0740505695,6717.899257574528,6717.899257574528,6717.899257574528,-1325.4954434895164,-1325.4954434895164,-1325.4954434895164,8043.394701064044,8043.394701064044,8043.394701064044,0.0,0.0,0.0,138389.97330814402
2024-03-18,131501.62701290936,74869.12267518275,204085.60671369778,131501.62701290936,131501.62701290936,7475.597838819871,7475.597838819871,7475.597838819871,-1325.4954434895167,-1325.4954434895167,-1325.4954434895167,8801.093282309388,8801.093282309388,8801.093282309388,0.0,0.0,0.0,138977.22485172923
2024-03-25,131331.1799752492,61521.24470135475,196551.5216759201,131331.1799752492,131331.1799752492,197.8991857960057,197.8991857960057,197.8991857960057,-1325.4954434895164,-1325.4954434895164,-1325.4954434895164,1523.3946292855221,1523.3946292855221,1523.3946292855221,0.0,0.0,0.0,131529.0791610452
2024-04-01,131160.73293758908,48812.17126553419,189287.3944550986,131160.73293758908,131160.73293758908,-12270.081899104165,-12270.081899104165,-12270.081899104165,-1325.4954434895164,-1325.4954434895164,-1325.4954434895164,-10944.586455614648,-10944.586455614648,-10944.586455614648,0.0,0.0,0.0,118890.65103848492
2024-04-08,130990.28589992893,40503.67499996398,167392.34893255407,130990.28589992893,130990.28589992893,-23409.42887899192,-23409.42887899192,-23409.42887899192,-1325.4954434895164,-1325.4954434895164,-1325.4954434895164,-22083.933435502404,-22083.933435502404,-22083.933435502404,0.0,0.0,0.0,107580.85702093701
2024-04-15,130819.83886226879,33877.77327560309,167676.54816017384,130819.83886226879,130819.83886226879,-31553.028306136042,-31553.028306136042,-31553.028306136042,-1325.4954434895167,-1325.4954434895167,-1325.4954434895167,-30227.532862646527,-30227.532862646527,-30227.532862646527,0.0,0.0,0.0,99266.81055613275
2024-04-22,130649.39182460864,21827.826369461196,153210.0528687533,130649.39182460864,130649.39182460864,-40739.22850022664,-40739.22850022664,-40739.22850022664,-1325.4954434895164,-1325.4954434895164,-1325.4954434895164,-39413.733056737125,-39413.733056737125,-39413.733056737125,0.0,0.0,0.0,89910.163324382
2024-04-29,130478.94478694849,9786.569593563181,145152.51313439495,130478.94478694849,130478.94478694849,-54120.288954762844,-54120.288954762844,-54120.288954762844,-1325.4954434895164,-1325.4954434895164,-1325.4954434895164,-52794.79351127333,-52794.79351127333,-52794.79351127333,0.0,0.0,0.0,76358.65583218564
2024-05-06,130308.49774928836,-38.76934020322278,128839.20209828006,130308.49774928836,130308.49774928836,-68330.1566130421,-68330.1566130421,-68330.1566130421,-1325.4954434895164,-1325.4954434895164,-1325.4954434895164,-67004.66116955258,-67004.66116955258,-67004.66116955258,0.0,0.0,0.0,61978.341136246265
2024-05-13,130138.05071162822,-12740.786790096323,125151.09127417581,130138.05071162822,130138.05071162822,-75198.18409328246,-75198.18409328246,-75198.18409328246,-1325.4954434895164,-1325.4954434895164,-1325.4954434895164,-73872.68864979294,-73872.68864979294,-73872.68864979294,0.0,0.0,0.0,54939.86661834577
2024-09-30,126729.10995842538,52074.14121008445,187663.34566641788,126729.10995842538,126729.10995842538,-5951.679237759675,-5951.679237759675,-5951.679237759675,-1325.4954434895164,-1325.4954434895164,-1325.4954434895164,-4626.183794270159,-4626.183794270159,-4626.183794270159,0.0,0.0,0.0,120777.43072066571
2024-10-07,126558.66292076524,62343.8059212884,196809.65980747528,126558.66292076524,126558.66292076524,174.65804930236877,174.65804930236877,174.65804930236877,-1325.4954434895164,-1325.4954434895164,-1325.4954434895164,1500.1534927918851,1500.1534927918851,1500.1534927918851,0.0,0.0,0.0,126733.32097006761
2024-10-14,126388.21588310509,66774.25309230646,207353.5595442222,126388.21588310509,126388.21588310509,8325.179899709201,8325.179899709201,8325.179899709201,-1325.4954434895164,-1325.4954434895164,-1325.4954434895164,9650.675343198716,9650.675343198716,9650.675343198716,0.0,0.0,0.0,134713.3957828143
2024-10-21,126217.76884544494,69511.34204766409,211058.82489370988,126217.76884544494,126217.76884544494,13401.25381236975,13401.25381236975,13401.25381236975,-1325.4954434895164,-1325.4954434895164,-1325.4954434895164,14726.749255859268,14726.749255859268,14726.749255859268,0.0,0.0,0.0,139619.0226578147
2024-10-28,126047.3218077848,74534.21754249408,207902.44809273886,126047.3218077848,126047.3218077848,13344.968024396703,13344.968024396703,13344.968024396703,-1325.4954434895164,-1325.4954434895164,-1325.4954434895164,14670.463467886218,14670.463467886218,14670.463467886218,0.0,0.0,0.0,139392.2898321815
2024-11-04,125876.87477012468,71174.07868541832,204664.90490130687,125876.87477012468,125876.87477012468,10251.029757838274,10251.029757838274,10251.029757838274,-1325.4954434895164,-1325.4954434895164,-1325.4954434895164,11576.52520132779,11576.52520132779,11576.52520132779,0.0,0.0,0.0,136127.90452796296
2024-11-11,125706.42773246452,65044.128670552374,198824.54480035583,125706.42773246452,125706.42773246452,7791.525421612987,7791.525421612987,7791.525421612987,-1325.4954434895164,-1325.4954434895164,-1325.4954434895164,9117.020865102504,9117.020865102504,9117.020865102504,0.0,0.0,0.0,133497.95315407752
2024-11-18,125535.98069480437,66813.77033460424,198964.04879671775,125535.98069480437,125535.98069480437,8325.184463621403,8325.184463621403,8325.184463621403,-1325.4954434895167,-1325.4954434895167,-1325.4954434895167,9650.67990711092,9650.67990711092,9650.67990711092,0.0,0.0,0.0,133861.16515842578
2024-11-25,125365.53365714425,68695.0596978901,204967.86378097063,125365.53365714425,125365.53365714425,11982.664509095746,11982.664509095746,11982.664509095746,-1325.4954434895164,-1325.4954434895164,-1325.4954434895164,13308.159952585262,13308.159952585262,13308.159952585262,0.0,0.0,0.0,137348.19816624
2024-12-02,125195.08661948411,77172.23839348418,209770.01848635406,125195.08661948411,125195.08661948411,16804.148457148392,16804.148457148392,16804.148457148392,-1325.4954434895164,-1325.4954434895164,-1325.4954434895164,18129.643900637908,18129.643900637908,18129.643900637908,0.0,0.0,0.0,141999.2350766325
2024-12-09,125024.63958182395,75061.0976901617,210512.5475134596,125024.63958182395,125024.63958182395,18688.744280329185,18688.744280329185,18688.744280329185,-1325.4954434895164,-1325.4954434895164,-1325.4954434895164,20014.2397238187,20014.2397238187,20014.2397238187,0.0,0.0,0.0,143713.38386215313
2024-12-16,124854.1925441638,67359.73905212797,205563.86235595544,124854.1925441638,124854.1925441638,12576.311973051717,12576.311973051717,12576.311973051717,-1325.4954434895167,-1325.4954434895167,-1325.4954434895167,13901.807416541233,13901.807416541233,13901.807416541233,0.0,0.0,0.0,137430.5045172155
2024-12-23,124683.74550650366,52919.48403882073,190930.35367273504,124683.74550650366,124683.74550650366,-3225.824725411581,-3225.824725411581,-3225.824725411581,-1325.4954434895167,-1325.4954434895167,-1325.4954434895167,-1900.3292819220644,-1900.3292819220644,-1900.3292819220644,0.0,0.0,0.0,121457.92078109208
2024-12-29,124537.64804565214,38084.70251840959,180178.00539390778,124537.64804565214,124537.64804565214,-18082.14936828805,-18082.14936828805,-18082.14936828805,220.91613677199075,220.91613677199075,220.91613677199075,-18303.06550506004,-18303.06550506004,-18303.06550506004,0.0,0.0,0.0,106455.49867736408
2025-01-05,124367.20100799199,31043.18372138871,163826.8558487606,124367.20100799199,124367.20100799199,-27941.765714017303,-27941.765714017303,-27941.765714017303,220.9161367701161,220.9161367701161,220.9161367701161,-28162.68185078742,-28162.68185078742,-28162.68185078742,0.0,0.0,0.0,96425.43529397468
2025-01-12,124196.75397033183,39285.81111790767,174715.7070356577,124196.6670073579,124196.89392795008,-15015.139183545907,-15015.139183545907,-15015.139183545907,220.91613676963635,220.91613676963635,220.91613676963635,-15236.055320315543,-15236.055320315543,-15236.055320315543,0.0,0.0,0.0,109181.61478678593
2025-01-19,124026.3069326717,76165.20533260949,211482.52661905947,124024.37517204507,124028.20213520087,21376.412042253844,21376.412042253844,21376.412042253844,220.91613676915665,220.91613676915665,220.91613676915665,21155.495905484688,21155.495905484688,21155.495905484688,0.0,0.0,0.0,145402.71897492555
2025-01-26,123855.85989501157,120475.79652959658,251823.9380250789,123851.93177450715,123860.02869362947,64338.443236955034,64338.443236955034,64338.443236955034,220.9161367686769,220.9161367686769,220.9161367686769,64117.52710018636,64117.52710018636,64117.52710018636,0.0,0.0,0.0,188194.30313196662
2025-02-02,123685.41285735139,143730.74425052406,283057.3696415589,123677.92047933582,123692.71656248764,89678.2865816379,89678.2865816379,89678.2865816379,220.9161367668023,220.9161367668023,220.9161367668023,89457.3704448711,89457.3704448711,89457.3704448711,0.0,0.0,0.0,213363.69943898928
2025-02-09,123514.96581969126,139334.28789770044,275106.87170123047,123504.53830670367,123527.60793930454,84114.47816439012,84114.47816439012,84114.47816439012,220.91613676771735,220.91613676771735,220.91613676771735,83893.5620276224,83893.5620276224,83893.5620276224,0.0,0.0,0.0,207629.4439840814
2025-02-16,123344.51878203113,111897.58189986728,248284.70918549478,123330.06300129242,123360.82582345238,55347.80514157175,55347.80514157175,55347.80514157175,220.91613677023375,220.91613677023375,220.91613677023375,55126.88900480152,55126.88900480152,55126.88900480152,0.0,0.0,0.0,178692.32392360287
2025-02-23,123174.071744371,77123.85664645491,215016.80788096774,123155.19836920823,123194.8807656031,24549.85569357604,24549.85569357604,24549.85569357604,220.91613676975388,220.91613676975388,220.91613676975388,24328.939556806286,24328.939556806286,24328.939556806286,0.0,0.0,0.0,147723.92743794704
2025-03-02,123003.62470671085,61400.648821912,197267.06057906387,122979.91394752703,123028.68087073434,8378.470589593322,8378.470589593322,8378.470589593322,220.9161367678794,220.9161367678794,220.9161367678794,8157.554452825443,8157.554452825443,8157.554452825443,0.0,0.0,0.0,131382.09529630418
2025-03-09,122833.17766905071,66243.89447520657,197169.09468403592,122803.56667700812,122862.38546979247,7258.982126466165,7258.982126466165,7258.982126466165,220.9161367660048,220.9161367660048,220.9161367660048,7038.065989700161,7038.065989700161,7038.065989700161,0.0,0.0,0.0,130092.15979551687
2025-03-16,122662.73063139056,69150.66107506772,201631.985768018,122626.60737277368,122696.09695336656,9518.585373832577,9518.585373832577,9518.585373832577,220.91613676691995,220.91613676691995,220.91613676691995,9297.669237065656,9297.669237065656,9297.669237065656,0.0,0.0,0.0,132181.31600522314
2025-03-23,122492.2835937304,57601.113660999596,193423.71787502032,122451.17586269465,122532.64752857137,4954.928700932768,4954.928700932768,4954.928700932768,220.91613676504542,220.91613676504542,220.91613676504542,4734.012564167722,4734.012564167722,4734.012564167722,0.0,0.0,0.0,127447.21229466317
2025-03-30,122321.83655607025,53799.70692870002,185677.5043996333,122274.4767869719,122368.96701434221,-6585.2249813741755,-6585.2249813741755,-6585.2249813741755,220.91613676456566,220.91613676456566,220.91613676456566,-6806.14111813874,-6806.14111813874,-6806.14111813874,0.0,0.0,0.0,115736.61157469607
2025-04-06,122151.38951841014,43355.59316214333,173792.53677558037,122097.60536044338,122203.29770352409,-18678.743296685323,-18678.743296685323,-18678.743296685323,220.91613676847666,220.91613676847666,220.91613676847666,-18899.6594334538,-18899.6594334538,-18899.6594334538,0.0,0.0,0.0,103472.64622172482
2025-04-13,121980.94248074999,25834.490958957937,161801.89657669517,121921.94013923436,122038.38143540292,-27528.912586559672,-27528.912586559672,-27528.912586559672,220.916136767997,220.916136767997,220.916136767997,-27749.82872332767,-27749.82872332767,-27749.82872332767,0.0,0.0,0.0,94452.02989419032
2025-04-20,121810.49544308987,13609.607806035037,148052.33221964844,121746.08551973061,121874.03901640316,-35830.41555644466,-35830.41555644466,-35830.41555644466,220.91613676751723,220.91613676751723,220.91613676751723,-36051.33169321218,-36051.33169321218,-36051.33169321218,0.0,0.0,0.0,85980.0798866452
2025-04-27,121640.04840542971,4615.950650740941,144641.2842312094,121566.92871244339,121710.12246222114,-47873.76675755055,-47873.76675755055,-47873.76675755055,220.91613677142837,220.91613677142837,220.91613677142837,-48094.68289432197,-48094.68289432197,-48094.68289432197,0.0,0.0,0.0,73766.28164787916
2025-05-04,121469.60136776957,-12326.924922790495,128965.66372106023,121389.70125383636,121547.6295650719,-62595.82584787997,-62595.82584787997,-62595.82584787997,220.91613676955382,220.91613676955382,220.91613676955382,-62816.741984649525,-62816.741984649525,-62816.741984649525,0.0,0.0,0.0,58873.775519889605
2025-05-11,121299.15433010942,-16602.380361939922,114801.22403718458,121211.85750057039,121384.03386483132,-72733.4533278409,-72733.4533278409,-72733.4533278409,220.91613677046874,220.91613677046874,220.91613677046874,-72954.36946461139,-72954.36946461139,-72954.36946461139,0.0,0.0,0.0,48565.70100226851
2025-05-18,121128.70729244927,-17212.071990022436,115664.18412095655,121033.6933331331,121220.81428961332,-70787.34589886124,-70787.34589886124,-70787.34589886124,220.91613676859427,220.91613676859427,220.91613676859427,-71008.26203562983,-71008.26203562983,-71008.26203562983,0.0,0.0,0.0,50341.36139358803
2025-05-25,120958.26025478914,6373.3208234220165,139304.02262529085,120852.69554139567,121057.0358041924,-55431.78374018527,-55431.78374018527,-55431.78374018527,220.9161367681145,220.9161367681145,220.9161367681145,-55652.69987695338,-55652.69987695338,-55652.69987695338,0.0,0.0,0.0,65526.47651460388
2025-06-01,120787.813217129,16115.942838181667,156379.61843638885,120676.75722447367,120893.55910138896,-32530.22965512814,-32530.22965512814,-32530.22965512814,220.91613676623993,220.91613676623993,220.91613676623993,-32751.14579189438,-32751.14579189438,-32751.14579189438,0.0,0.0,0.0,88257.58356200086
2025-06-08,120617.36617946885,42335.68971153065,179908.17752582973,120496.9961714807,120732.86219831677,-10888.50363021894,-10888.50363021894,-10888.50363021894,220.91613676576011,220.91613676576011,220.91613676576011,-11109.419766984698,-11109.419766984698,-11109.419766984698,0.0,0.0,0.0,109728.86254924991
2025-06-15,120446.91914180871,56918.807578604705,194943.55828047395,120315.78336651328,120569.87014980063,2896.194665020332,2896.194665020332,2896.194665020332,220.91613676967128,220.91613676967128,220.91613676967128,2675.2785282506607,2675.2785282506607,2675.2785282506607,0.0,0.0,0.0,123343.11380682905
2025-06-22,120276.47210414859,62262.58093477643,197544.77422785963,120135.84671058322,120408.11436084106,7021.999031536636,7021.999031536636,7021.999031536636,220.9161367691916,220.9161367691916,220.9161367691916,6801.082894767444,6801.082894767444,6801.082894767444,0.0,0.0,0.0,127298.47113568522
2025-06-29,120106.02506648842,54913.153760146786,193281.58271257108,119954.98578226448,120245.16812056195,4157.788137841751,4157.788137841751,4157.788137841751,220.91613676731694,220.91613676731694,220.91613676731694,3936.8720010744355,3936.8720010744355,3936.8720010744355,0.0,0.0,0.0,124263.81320433017
2025-07-06,119935.57802882828,48153.30878600668,186261.57509111537,119776.28893015698,120082.28093816823,-649.7204925663949,-649.7204925663949,-649.7204925663949,220.91613676823215,220.91613676823215,220.91613676823215,-870.6366293346271,-870.6366293346271,-870.6366293346271,0.0,0.0,0.0,119285.85753626189
2025-07-13,119765.13099116815,48877.32838969569,186117.26791149203,119595.11586501535,119917.3243995124,-2909.6467350667685,-2909.6467350667685,-2909.6467350667685,220.91613677074838,220.91613677074838,220.91613677074838,-3130.5628718375174,-3130.5628718375174,-3130.5628718375174,0.0,0.0,0.0,116855.48425610138
2025-07-20,119594.683953508,52456.600293132506,186509.33462642747,119416.09345322204,119754.84488746946,-1319.6319336416457,-1319.6319336416457,-1319.6319336416457,220.91613677166353,220.91613677166353,220.91613677166353,-1540.548070413309,-1540.548070413309,-1540.548070413309,0.0,0.0,0.0,118275.05201986636
2025-07-27,119424.23691584787,57776.78580511905,188875.18459721786,119238.49474557364,119593.23724196103,1752.6348009281298,1752.6348009281298,1752.6348009281298,220.91613676978875,220.91613676978875,220.91613676978875,1531.7186641583412,1531.7186641583412,1531.7186641583412,0.0,0.0,0.0,121176.871716776
2025-08-03,119253.78987818772,52786.21973277343,189667.4876353171,119060.51137643187,119432.72780126751,2841.178918584868,2841.178918584868,2841.178918584868,220.91613676791428,220.91613676791428,220.91613676791428,2620.2627818169535,2620.2627818169535,2620.2627818169535,0.0,0.0,0.0,122094.96879677258
2025-08-10,119083.34284052759,47048.43901692878,196102.14381283696,118880.32823496075,119268.51993317188,982.7507840594018,982.7507840594018,982.7507840594018,220.91613676882943,220.91613676882943,220.91613676882943,761.8346472905723,761.8346472905723,761.8346472905723,0.0,0.0,0.0,120066.093624587
2025-08-17,118912.89580286742,51775.11564576552,182517.48239248048,118698.56726383118,119106.41102299718,-1342.8122679467451,-1342.8122679467451,-1342.8122679467451,220.91613676695485,220.91613676695485,220.91613676695485,-1563.7284047137,-1563.7284047137,-1563.7284047137,0.0,0.0,0.0,117570.08353492068
2025-08-24,118742.44876520729,47525.20392831703,188526.61905509204,118520.84810926254,118950.29708503124,-1180.9200003443034,-1180.9200003443034,-1180.9200003443034,220.91613677086596,220.91613677086596,220.91613677086596,-1401.8361371151693,-1401.8361371151693,-1401.8361371151693,0.0,0.0,0.0,117561.52876486299
2025-08-31,118572.00172754715,53240.84179879114,188176.25138740212,118339.31648552131,118787.35070214371,1240.0773377564815,1240.0773377564815,1240.0773377564815,220.91613676899138,220.91613676899138,220.91613676899138,1019.1612009874901,1019.1612009874901,1019.1612009874901,0.0,0.0,0.0,119812.07906530362
2025-09-07,118401.55468988701,45498.063688899296,190903.736847874,118153.80166947331,118627.27867707825,2542.551253651251,2542.551253651251,2542.551253651251,220.91613676851162,220.91613676851162,220.91613676851162,2321.635116882739,2321.635116882739,2321.635116882739,0.0,0.0,0.0,120944.10594353826
2025-09-14,118231.10765222687,51099.449560705994,189274.09130967644,117973.92193826698,118468.0289464815,210.21169106755482,210.21169106755482,210.21169106755482,220.9161367680319,220.9161367680319,220.9161367680319,-10.704445700477072,-10.704445700477072,-10.704445700477072,0.0,0.0,0.0,118441.31934329442
2025-09-21,118060.66061456673,42906.3409210743,180138.7457006913,117794.72201919547,118306.95409028896,-3967.733601040378,-3967.733601040378,-3967.733601040378,220.9161367675522,220.9161367675522,220.9161367675522,-4188.64973780793,-4188.64973780793,-4188.64973780793,0.0,0.0,0.0,114092.92701352635
2025-09-28,117890.2135769066,47313.69503952256,183730.96928087866,117616.85736802375,118145.87976891092,-5225.542807347311,-5225.542807347311,-5225.542807347311,220.91613676567758,220.91613676567758,220.91613676567758,-5446.458944112989,-5446.458944112989,-5446.458944112989,0.0,0.0,0.0,112664.67076955928
2025-10-05,117719.76653924644,51696.00548340722,184814.71590739887,117438.63499118586,117983.36115683697,-719.8171641200357,-719.8171641200357,-719.8171641200357,220.91613676659273,220.91613676659273,220.91613676659273,-940.7333008866284,-940.7333008866284,-940.7333008866284,0.0,0.0,0.0,116999.94937512641
2025-10-12,117549.31950158629,55314.938821389405,189351.51034108922,117255.23036007516,117825.60102097239,7368.792935039109,7368.792935039109,7368.792935039109,220.9161367691089,220.9161367691089,220.9161367691089,7147.876798269999,7147.876798269999,7147.876798269999,0.0,0.0,0.0,124918.1124366254
2025-10-19,117378.87246392615,60611.09943808226,201307.0155447706,117072.05742180382,117666.01470517185,13870.147511524243,13870.147511524243,13870.147511524243,220.9161367686293,220.9161367686293,220.9161367686293,13649.231374755615,13649.231374755615,13649.231374755615,0.0,0.0,0.0,131249.01997545038
2025-10-26,117208.42542626603,62773.34237071083,200506.22563808825,116891.27940698263,117501.61935813144,15406.489690247998,15406.489690247998,15406.489690247998,220.91613676814947,220.91613676814947,220.91613676814947,15185.573553479846,15185.573553479846,15185.573553479846,0.0,0.0,0.0,132614.91511651402
2025-11-02,117037.97838860587,62358.9831235722,198260.49404688212,116711.44446479816,117339.10936552695,12892.808536522005,12892.808536522005,12892.808536522005,220.91613677206067,220.91613677206067,220.91613677206067,12671.892399749944,12671.892399749944,12671.892399749944,0.0,0.0,0.0,129930.78692512788
2025-11-09,116867.53135094573,51079.632451447775,194193.49108493657,116526.23179820222,117180.94742203184,9870.46341270463,9870.46341270463,9870.46341270463,220.91613677158065,220.91613677158065,220.91613677158065,9649.54727593305,9649.54727593305,9649.54727593305,0.0,0.0,0.0,126737.99476365036
2025-11-16,116697.0843132856,56439.20934025251,194297.21508703494,116339.68767193575,117015.60436262823,9322.480894268852,9322.480894268852,9322.480894268852,220.91613677110104,220.91613677110104,220.91613677110104,9101.564757497752,9101.564757497752,9101.564757497752,0.0,0.0,0.0,126019.56520755445
2025-11-23,116526.63727562544,64960.47486648751,196032.19964568788,116158.54889041239,116863.97053497592,12089.99024563951,12089.99024563951,12089.99024563951,220.91613676922657,220.91613676922657,220.91613676922657,11869.074108870285,11869.074108870285,11869.074108870285,0.0,0.0,0.0,128616.62752126495
2025-11-30,116356.1902379653,63403.4217124424,198568.5328994904,115978.10651090574,116704.45763376098,16882.24535589869,16882.24535589869,16882.24535589869,220.91613676735207,220.91613676735207,220.91613676735207,16661.32921913134,16661.32921913134,16661.32921913134,0.0,0.0,0.0,133238.435593864
2025-12-07,116185.74320030517,68584.19917888008,203606.3928380938,115795.45000910311,116541.92449333113,20272.366816717862,20272.366816717862,20272.366816717862,220.9161367668722,220.9161367668722,220.9161367668722,20051.45067995099,20051.45067995099,20051.45067995099,0.0,0.0,0.0,136458.11001702302
2025-12-14,116015.29616264503,61042.09932035987,200384.94403977308,115614.48738199961,116383.05011029443,17195.36665862647,17195.36665862647,17195.36665862647,220.91613676639253,220.91613676639253,220.91613676639253,16974.45052186008,16974.45052186008,16974.45052186008,0.0,0.0,0.0,133210.6628212715
2025-12-21,115844.84912498489,54329.38515806619,189609.49937698263,115434.0907260848,116223.67989280814,4246.4696162122955,4246.4696162122955,4246.4696162122955,220.9161367703036,220.9161367703036,220.9161367703036,4025.5534794419914,4025.5534794419914,4025.5534794419914,0.0,0.0,0.0,120091.31874119719
